timestamp,event,fromUser,toUser,reason
2026-05-01T05:11:32.944647300Z,AUTH_FAIL,202200202104,,jsxsd 登录页响应
2026-05-01T05:11:32.994798200Z,AUTH_FAIL,202200202104,,jsxsd 登录页响应
2026-05-01T05:11:43.645520100Z,AUTH_FAIL,202200202104,,jsxsd 登录页响应
2026-05-01T12:16:30.297953600Z,AUTH_FAIL,202200202104,,jsxsd 登录页响应
2026-05-01T15:08:51.466322Z,AUTH_FAIL,202200202104,,jsxsd 登录页响应
2026-05-01T15:08:51.535892500Z,AUTH_FAIL,202200202104,,jsxsd 登录页响应
2026-05-01T15:09:30.296678800Z,AUTH_FAIL,202200202104,,jsxsd 登录页响应
2026-05-01T17:43:55.560844300Z,AUTH_FAIL,202200202104,,jsxsd 登录页响应
2026-05-02T03:46:53.536105400Z,AUTH_FAIL,202200202104,,jsxsd 登录页响应
2026-05-02T03:46:53.587706300Z,AUTH_FAIL,202200202104,,jsxsd 登录页响应
2026-05-02T03:46:55.711338100Z,AUTH_FAIL,202200202104,,jsxsd 登录页响应
2026-05-02T03:46:55.750333500Z,AUTH_FAIL,202200202104,,jsxsd 登录页响应
2026-05-02T03:47:47.816283800Z,AUTH_FAIL,202200202104,,jsxsd 登录页响应
2026-05-02T03:47:48.388667100Z,AUTH_FAIL,202200202104,,jsxsd 登录页响应
2026-05-02T03:47:57.974931500Z,AUTH_FAIL,202200202104,,jsxsd 登录页响应
2026-05-02T03:47:58.018378800Z,AUTH_FAIL,202200202104,,jsxsd 登录页响应
2026-05-02T03:48:47.820540Z,AUTH_FAIL,202200202104,,jsxsd 登录页响应
2026-05-02T03:48:48.250901900Z,AUTH_FAIL,202200202104,,jsxsd 登录页响应
2026-05-02T03:49:47.818602500Z,AUTH_FAIL,202200202104,,jsxsd 登录页响应
2026-05-02T03:49:48.231567700Z,AUTH_FAIL,202200202104,,jsxsd 登录页响应
2026-05-02T03:50:47.812781100Z,AUTH_FAIL,202200202104,,jsxsd 登录页响应
2026-05-02T03:50:48.219329100Z,AUTH_FAIL,202200202104,,jsxsd 登录页响应
2026-05-02T03:51:47.817907400Z,AUTH_FAIL,202200202104,,jsxsd 登录页响应
2026-05-02T03:51:48.261330900Z,AUTH_FAIL,202200202104,,jsxsd 登录页响应
2026-05-02T03:52:47.822849700Z,AUTH_FAIL,202200202104,,jsxsd 登录页响应
2026-05-02T03:52:48.226134Z,AUTH_FAIL,202200202104,,jsxsd 登录页响应
2026-05-02T03:53:47.808395Z,AUTH_FAIL,202200202104,,jsxsd 登录页响应
2026-05-02T03:53:48.207739600Z,AUTH_FAIL,202200202104,,jsxsd 登录页响应
2026-05-02T03:54:47.822304Z,AUTH_FAIL,202200202104,,jsxsd 登录页响应
2026-05-02T03:54:48.254517200Z,AUTH_FAIL,202200202104,,jsxsd 登录页响应
2026-05-02T03:55:47.810611900Z,AUTH_FAIL,202200202104,,jsxsd 登录页响应
2026-05-02T03:55:48.227204900Z,AUTH_FAIL,202200202104,,jsxsd 登录页响应
2026-05-02T03:56:47.810337700Z,AUTH_FAIL,202200202104,,jsxsd 登录页响应
2026-05-02T03:56:48.229468300Z,AUTH_FAIL,202200202104,,jsxsd 登录页响应
2026-05-02T03:57:47.815396700Z,AUTH_FAIL,202200202104,,jsxsd 登录页响应
2026-05-02T03:57:48.228621500Z,AUTH_FAIL,202200202104,,jsxsd 登录页响应
2026-05-02T03:58:47.810704400Z,AUTH_FAIL,202200202104,,jsxsd 登录页响应
2026-05-02T03:58:48.218703300Z,AUTH_FAIL,202200202104,,jsxsd 登录页响应
2026-05-02T04:00:30.729091500Z,AUTH_FAIL,202200202104,,jsxsd 登录页响应
2026-05-02T04:00:30.870104600Z,AUTH_FAIL,202200202104,,jsxsd 登录页响应
2026-05-02T04:00:58.095Z,AUTH_FAIL,202200202104,,jsxsd 登录页响应
2026-05-02T04:00:58.811183200Z,AUTH_FAIL,202200202104,,jsxsd 登录页响应
2026-05-02T04:02:39.828664700Z,AUTH_FAIL,202200202104,,jsxsd 登录页响应
2026-05-02T04:02:40.331828100Z,AUTH_FAIL,202200202104,,jsxsd 登录页响应
2026-05-02T04:03:39.828796700Z,AUTH_FAIL,202200202104,,jsxsd 登录页响应
2026-05-02T04:03:40.279165600Z,AUTH_FAIL,202200202104,,jsxsd 登录页响应
2026-05-02T04:04:39.816693100Z,AUTH_FAIL,202200202104,,jsxsd 登录页响应
2026-05-02T04:04:40.250445900Z,AUTH_FAIL,202200202104,,jsxsd 登录页响应
2026-05-02T04:05:46.525883800Z,AUTH_FAIL,202200202104,,jsxsd 登录页响应
2026-05-02T04:05:46.579093400Z,AUTH_FAIL,202200202104,,jsxsd 登录页响应
2026-05-02T04:06:53.569683500Z,AUTH_FAIL,202200202104,,jsxsd 登录页响应
2026-05-02T04:06:54.099866400Z,AUTH_FAIL,202200202104,,jsxsd 登录页响应
2026-05-02T04:07:53.536802300Z,AUTH_FAIL,202200202104,,jsxsd 登录页响应
2026-05-02T04:07:54.269855800Z,AUTH_FAIL,202200202104,,jsxsd 登录页响应
2026-05-02T04:08:53.530110400Z,AUTH_FAIL,202200202104,,jsxsd 登录页响应
2026-05-02T04:08:54.027919200Z,AUTH_FAIL,202200202104,,jsxsd 登录页响应
2026-05-02T04:09:53.531528300Z,AUTH_FAIL,202200202104,,jsxsd 登录页响应
2026-05-02T04:09:53.969375600Z,AUTH_FAIL,202200202104,,jsxsd 登录页响应
2026-05-02T04:10:53.531312700Z,AUTH_FAIL,202200202104,,jsxsd 登录页响应
2026-05-02T04:10:53.979120700Z,AUTH_FAIL,202200202104,,jsxsd 登录页响应
2026-05-02T04:11:53.536634500Z,AUTH_FAIL,202200202104,,jsxsd 登录页响应
2026-05-02T04:11:53.942675400Z,AUTH_FAIL,202200202104,,jsxsd 登录页响应
2026-05-02T04:12:53.526735400Z,AUTH_FAIL,202200202104,,jsxsd 登录页响应
2026-05-02T04:12:53.963382700Z,AUTH_FAIL,202200202104,,jsxsd 登录页响应
2026-05-02T04:13:53.523244300Z,AUTH_FAIL,202200202104,,jsxsd 登录页响应
2026-05-02T04:13:54.012564900Z,AUTH_FAIL,202200202104,,jsxsd 登录页响应
2026-05-02T04:14:53.529674100Z,AUTH_FAIL,202200202104,,jsxsd 登录页响应
2026-05-02T04:14:54.028508300Z,AUTH_FAIL,202200202104,,jsxsd 登录页响应
2026-05-02T04:15:53.529642100Z,AUTH_FAIL,202200202104,,jsxsd 登录页响应
2026-05-02T04:15:53.980620300Z,AUTH_FAIL,202200202104,,jsxsd 登录页响应
2026-05-02T04:16:53.543742400Z,AUTH_FAIL,202200202104,,jsxsd 登录页响应
2026-05-02T04:16:54.027368600Z,AUTH_FAIL,202200202104,,jsxsd 登录页响应
2026-05-02T04:17:53.529679200Z,AUTH_FAIL,202200202104,,jsxsd 登录页响应
2026-05-02T04:17:54.016272600Z,AUTH_FAIL,202200202104,,jsxsd 登录页响应
2026-05-02T04:18:53.529675400Z,AUTH_FAIL,202200202104,,jsxsd 登录页响应
2026-05-02T04:18:53.999181300Z,AUTH_FAIL,202200202104,,jsxsd 登录页响应
2026-05-02T04:19:53.523943300Z,AUTH_FAIL,202200202104,,jsxsd 登录页响应
2026-05-02T04:19:53.945911Z,AUTH_FAIL,202200202104,,jsxsd 登录页响应
2026-05-02T04:20:53.535102900Z,AUTH_FAIL,202200202104,,jsxsd 登录页响应
2026-05-02T04:20:54.217637400Z,AUTH_FAIL,202200202104,,jsxsd 登录页响应
2026-05-02T04:21:53.534817500Z,AUTH_FAIL,202200202104,,jsxsd 登录页响应
2026-05-02T04:21:54.136801100Z,AUTH_FAIL,202200202104,,jsxsd 登录页响应
2026-05-02T04:22:53.517411300Z,AUTH_FAIL,202200202104,,jsxsd 登录页响应
2026-05-02T04:22:54.029613600Z,AUTH_FAIL,202200202104,,jsxsd 登录页响应
